Workbook

Sheet Quant_Risk_Register
A1: Risk ID | B1: Description | C1: Asset Value (AV ₹) | D1: Exposure Factor (EF %) | E1: SLE (₹) | F1: Annual Rate of Occurrence (ARO) | G1: ALE (₹) | H1: Control | I1: Control Cost (Annual ₹) | J1: Residual EF % | K1: Residual ARO | L1: Residual SLE (₹) | M1: Residual ALE (₹) | N1: Risk Reduction (₹) | O1: ROSI (%) | P1: Risk Owner | Q1: Review Date
A2: Q1 | B2: Phishing - Customer Emails | C2: 1000000 | D2: 40 | E2: =C2*(D2/100) -> 400000 | F2: 0.3 | G2: =E2*F2 -> 120000 | H2: Email Filter + Training | I2: 70000 | J2: 10 | K2: 0.1 | L2: =C2*(J2/100) -> 100000 | M2: =L2*K2 -> 10000 | N2: =G2-M2 -> 110000 | O2: =IF(I2=0,0, (N2-I2)/I2*100) -> 57.142857 | P2: Security Lead | Q2: 2025-12-31
A3: Q2 | B3: Ransomware - File Servers | C3: 1500000 | D3: 60 | E3: =C3*(D3/100) -> 900000 | F3: 0.2 | G3: =E3*F3 -> 180000 | H3: Backups + EDR | I3: 120000 | J3: 20 | K3: 0.05 | L3: =C3*(J3/100) -> 300000 | M3: =L3*K3 -> 15000 | N3: =G3-M3 -> 165000 | O3: =IF(I3=0,0, (N3-I3)/I3*100) -> 37.5 | P3: IT Ops | Q3: 2025-12-31
A4: Q3 | B4: Data Breach - Customer DB | C4: 2000000 | D4: 50 | E4: =C4*(D4/100) -> 1000000 | F4: 0.15 | G4: =E4*F4 -> 150000 | H4: Encryption + IAM | I4: 150000 | J4: 25 | K4: 0.04 | L4: =C4*(J4/100) -> 500000 | M4: =L4*K4 -> 20000 | N4: =G4-M4 -> 130000 | O4: =IF(I4=0,0, (N4-I4)/I4*100) -> -13.333333 | P4: CISO | Q4: 2025-11-30
A5: Q4 | B5: System Outage - ERP | C5: 1200000 | D5: 45 | E5: =C5*(D5/100) -> 540000 | F5: 0.12 | G5: =E5*F5 -> 64800 | H5: DR & Redundancy | I5: 50000 | J5: 15 | K5: 0.05 | L5: =C5*(J5/100) -> 180000 | M5: =L5*K5 -> 9000 | N5: =G5-M5 -> 55800 | O5: =IF(I5=0,0, (N5-I5)/I5*100) -> 11.6 | P5: Ops Manager | Q5: 2026-01-15
A6: Q5 | B6: Insider Data Theft - HR | C6: 800000 | D6: 55 | E6: =C6*(D6/100) -> 440000 | F6: 0.18 | G6: =E6*F6 -> 79200 | H6: DLP + Monitoring | I6: 80000 | J6: 20 | K6: 0.07 | L6: =C6*(J6/100) -> 160000 | M6: =L6*K6 -> 11200 | N6: =G6-M6 -> 68000 | O6: =IF(I6=0,0, (N6-I6)/I6*100) -> -15 | P6: HR Head | Q6: 2026-03-01

Sheet HeatMap_ALE
A1: Risk ID | B1: Description | C1: ALE (₹) | D1: Residual ALE (₹) | E1: Risk Level (by ALE)
A2: Q1 | B2: Phishing - Customer Emails | C2: =Quant_Risk_Register!G2 -> 120000 | D2: =Quant_Risk_Register!M2 -> 10000 | E2: =IF(Quant_Risk_Register!G2>100000, "High", IF(Quant_Risk_Register!G2>30000, "Medium", "Low")) -> High
A3: Q2 | B3: Ransomware - File Servers | C3: =Quant_Risk_Register!G3 -> 180000 | D3: =Quant_Risk_Register!M3 -> 15000 | E3: =IF(Quant_Risk_Register!G3>100000, "High", IF(Quant_Risk_Register!G3>30000, "Medium", "Low")) -> High
A4: Q3 | B4: Data Breach - Customer DB | C4: =Quant_Risk_Register!G4 -> 150000 | D4: =Quant_Risk_Register!M4 -> 20000 | E4: =IF(Quant_Risk_Register!G4>100000, "High", IF(Quant_Risk_Register!G4>30000, "Medium", "Low")) -> High
A5: Q4 | B5: System Outage - ERP | C5: =Quant_Risk_Register!G5 -> 64800 | D5: =Quant_Risk_Register!M5 -> 9000 | E5: =IF(Quant_Risk_Register!G5>100000, "High", IF(Quant_Risk_Register!G5>30000, "Medium", "Low")) -> Medium
A6: Q5 | B6: Insider Data Theft - HR | C6: =Quant_Risk_Register!G6 -> 79200 | D6: =Quant_Risk_Register!M6 -> 11200 | E6: =IF(Quant_Risk_Register!G6>100000, "High", IF(Quant_Risk_Register!G6>30000, "Medium", "Low")) -> Medium

Sheet Risk_Treatment
A1: Risk ID | B1: Risk | C1: ALE (₹) | D1: Treatment Option | E1: Control | F1: Control Cost (₹) | G1: Residual ALE (₹) | H1: Annual Benefit (₹) | I1: ROSI (%) | J1: Owner | K1: Target Date | L1: Status
A2: Q1 | B2: Phishing - Customer Emails | C2: =Quant_Risk_Register!G2 -> 120000 | D2: Mitigate | E2: Email Filter + Training | F2: =Quant_Risk_Register!I2 -> 70000 | G2: =Quant_Risk_Register!M2 -> 10000 | H2: =Quant_Risk_Register!N2 -> 110000 | I2: =Quant_Risk_Register!O2 -> 57.142857 | J2: Security Lead | K2: 2025-12-31 | L2: Open
A3: Q2 | B3: Ransomware - File Servers | C3: =Quant_Risk_Register!G3 -> 180000 | D3: Mitigate | E3: Backups + EDR | F3: =Quant_Risk_Register!I3 -> 120000 | G3: =Quant_Risk_Register!M3 -> 15000 | H3: =Quant_Risk_Register!N3 -> 165000 | I3: =Quant_Risk_Register!O3 -> 37.5 | J3: IT Ops | K3: 2025-12-31 | L3: Open
A4: Q3 | B4: Data Breach - Customer DB | C4: =Quant_Risk_Register!G4 -> 150000 | D4: Mitigate | E4: Encryption + IAM | F4: =Quant_Risk_Register!I4 -> 150000 | G4: =Quant_Risk_Register!M4 -> 20000 | H4: =Quant_Risk_Register!N4 -> 130000 | I4: =Quant_Risk_Register!O4 -> -13.333333 | J4: CISO | K4: 2025-11-30 | L4: Open
A5: Q4 | B5: System Outage - ERP | C5: =Quant_Risk_Register!G5 -> 64800 | D5: Mitigate | E5: DR & Redundancy | F5: =Quant_Risk_Register!I5 -> 50000 | G5: =Quant_Risk_Register!M5 -> 9000 | H5: =Quant_Risk_Register!N5 -> 55800 | I5: =Quant_Risk_Register!O5 -> 11.6 | J5: Ops Manager | K5: 2026-01-15 | L5: Open
A6: Q5 | B6: Insider Data Theft - HR | C6: =Quant_Risk_Register!G6 -> 79200 | D6: Mitigate | E6: DLP + Monitoring | F6: =Quant_Risk_Register!I6 -> 80000 | G6: =Quant_Risk_Register!M6 -> 11200 | H6: =Quant_Risk_Register!N6 -> 68000 | I6: =Quant_Risk_Register!O6 -> -15 | J6: HR Head | K6: 2026-03-01 | L6: Open

Sheet Dashboard
